{
    "accuracy": 0.8985641500694767,
    "f1_score": 0.7159533073929961,
    "precision": 0.6618705035971223,
    "recall": 0.7796610169491526
}{
    "accuracy": 0.8800880088008801,
    "f1_score": 0.6402640264026402,
    "precision": 0.6339869281045751,
    "recall": 0.6466666666666666
}{
    "accuracy": 0.9241245136186771,
    "f1_score": 0.5617977528089888,
    "precision": 0.5154639175257731,
    "recall": 0.6172839506172839
}