{
    "Severity": {
    "Severity": 0,
    "accuracy": 0.9706848030018762,
    "f1_score": 0.0,
    "precision": 0.0,
    "recall": 1.0
}{
    "Severity": 1,
    "accuracy": 0.8183738120380147,
    "f1_score": 0.0,
    "precision": 0.0,
    "recall": 1.0
}{
    "Severity": 2,
    "accuracy": 0.5694444444444444,
    "f1_score": 0.7256637168141593,
    "precision": 1.0,
    "recall": 0.5694444444444444
}{
    "Severity": 3,
    "accuracy": 0.6965065502183406,
    "f1_score": 0.8211068211068211,
    "precision": 1.0,
    "recall": 0.6965065502183406
}{
    "Severity": 4,
    "accuracy": 0.7749360613810742,
    "f1_score": 0.8731988472622478,
    "precision": 1.0,
    "recall": 0.7749360613810742
}