{
    "text_length": "0-50",
    "accuracy": 0.9636363636363636,
    "f1_score": 0.75,
    "precision": 0.75,
    "recall": 0.75
}{
    "text_length": "50-100",
    "accuracy": 0.9409722222222222,
    "f1_score": 0.7017543859649122,
    "precision": 0.6666666666666666,
    "recall": 0.7407407407407407
}{
    "text_length": "100-200",
    "accuracy": 0.9504857411469758,
    "f1_score": 0.7074074074074074,
    "precision": 0.6725352112676056,
    "recall": 0.74609375
}{
    "text_length": "200-500",
    "accuracy": 0.9249398832016489,
    "f1_score": 0.6455798864557989,
    "precision": 0.6104294478527608,
    "recall": 0.685025817555938
}{
    "text_length": "500-1000",
    "accuracy": 0.896414342629482,
    "f1_score": 0.6285714285714286,
    "precision": 0.5546218487394958,
    "recall": 0.7252747252747253
}{
    "text_length": "1000-inf",
    "accuracy": 1.0,
    "f1_score": 1.0,
    "precision": 1.0,
    "recall": 1.0
}